Name,Message Size (Bytes),Sleep Time (ms),Concurrent Users,M * C,M * S,S * C,M * S * C,M / C,M / S,C / M,C / S,S / M,S / C,M / S * C,S / M * C,C / M * S,1 / M * C * S,N * C,,# Samples,Error Count,Error %,Average (ms),Min (ms),Max (ms),90th Percentile (ms),95th Percentile (ms),99th Percentile (ms),Throughput,Received (KB/sec),Sent (KB/sec),API Manager GC Throughput (%),API Manager Footprint (M),API Manager Average of Footprint After Full GC (M),API Manager Standard Deviation of Footprint After Full GC (M),Netty Service GC Throughput (%),Netty Service Footprint (M),Netty Service Average of Footprint After Full GC (M),Netty Service Standard Deviation of Footprint After Full GC (M),JMeter Client GC Throughput (%),JMeter Client Footprint (M),JMeter Client Average of Footprint After Full GC (M),JMeter Client Standard Deviation of Footprint After Full GC (M),JMeter Server 01 GC Throughput (%),JMeter Server 01 Footprint (M),JMeter Server 01 Average of Footprint After Full GC (M),JMeter Server 01 Standard Deviation of Footprint After Full GC (M),JMeter Server 02 GC Throughput (%),JMeter Server 02 Footprint (M),JMeter Server 02 Average of Footprint After Full GC (M),JMeter Server 02 Standard Deviation of Footprint After Full GC (M),API Manager Load Average - Last 1 minute,API Manager Load Average - Last 5 minutes,API Manager Load Average - Last 15 minutes,Netty Service Load Average - Last 1 minute,Netty Service Load Average - Last 5 minutes,Netty Service Load Average - Last 15 minutes,JMeter Client Load Average - Last 1 minute,JMeter Client Load Average - Last 5 minutes,JMeter Client Load Average - Last 15 minutes,JMeter Server 01 Load Average - Last 1 minute,JMeter Server 01 Load Average - Last 5 minutes,JMeter Server 01 Load Average - Last 15 minutes,JMeter Server 02 Load Average - Last 1 minute,JMeter Server 02 Load Average - Last 5 minutes,JMeter Server 02 Load Average - Last 15 minutes
Echo API,50,0,200,10000,0,0,0,0.25,11.0733333334,4,3.6666666667,0,0,20563.3333333334,,,,200,,3244990,0,0,36.83,1,3171,60,79,2044.39,5414.28,2014.49,1554.49,92.7,4017,679.4,378.43,99.95,3925.5,,,99.68,2048,,,99.74,4096,17.05,8181.93,99.77,4096,12.4,1448.16,13.85,13.2,10.89,0.28,0.17,0.12,0.19,0.12,0.13,,,,,,
Echo API,50,0,300,15000,0,0,0,0.1666666667,11.0733333334,6,3.6666666667,0,0,20563.3333333334,,,,300,,3377059,0,0,53.19,1,5638,89,114,253.99,5628,2094.01,1615.85,92.88,4015.5,553.69,332.88,99.95,3925.5,,,99.66,2048,,,99.76,4096,15.1,5357.75,99.74,4096,16,6660.95,12.27,13.68,11.99,0.31,0.34,0.24,0.05,0.07,0.11,,,,,,
Echo API,50,0,1000,50000,0,0,0,0.05,11.0733333334,20,3.6666666667,0,0,20563.3333333334,,,,1000,,3250339,0,0,184.3,2,4391,317,364,455,5420.75,2016.9,1556.35,92.43,4007,688.9,406.76,99.91,3925.5,,,99.68,2048,,,99.68,4096,27.3,22.49,99.7,4096,24.8,18.95,6.13,13.08,12.96,0.12,0.43,0.55,0.9,0.33,0.21,,,,,,
Echo API,50,0,2000,100000,0,0,0,0.025,11.0733333334,40,3.6666666667,0,0,20563.3333333334,,,,2000,,3181914,0,0,376.29,3,5535,571,627.95,738,5309.38,1975.46,1524.37,91.15,3986,824.09,458.17,99.87,3925.5,,,99.68,2048,,,99.64,4096,36.95,36.13,99.64,4096,35.75,34.44,2.69,11.94,13.32,0.03,0.27,0.4,0.94,0.42,0.27,,,,,,
Echo API,50,30,100,5000,1500,3000,150000,0.5,1.6666666667,2,3.3333333333,0.6,0.3,166.6666666667,,,,100,,1764385,0,0,33.93,31,1653,36,39,138.25,2941.2,1094.33,844.44,96.43,3998,447.42,339.51,99.96,3925.5,,,99.57,2048,,,99.84,4096,15.4,5792.62,99.84,4096,14.45,4416.59,4.41,4.54,7.47,0,0.02,0.14,0.07,0.06,0.14,,,,,,
Echo API,50,30,200,10000,1500,6000,300000,0.25,1.6666666667,4,6.6666666667,0.6,0.15,333.3333333333,,,,200,,2603190,0,0,45.96,31,2676,60,75,176,4342.93,1615.87,1246.9,94.81,4002,428.67,255.75,99.95,3925.5,,,99.66,2048,,,99.79,4096,15.5,5936.87,99.79,4096,15.1,5357.75,9.43,8.58,7.47,0.34,0.32,0.22,0.04,0.08,0.12,,,,,,
Echo API,50,30,300,15000,1500,9000,450000,0.1666666667,1.6666666667,6,10,0.6,0.1,500,,,,300,,2966106,0,0,60.49,31,2101,82,116,188,4950.42,1841.9,1421.31,93.53,4007.5,566.58,341.23,99.95,3925.5,,,99.68,2048,,,99.77,4096,17.15,8326.89,99.76,4096,16.45,7312.9,7.26,9.91,8.83,0.22,0.28,0.22,0.24,0.13,0.14,,,,,,
Echo API,50,30,2000,100000,1500,60000,3000000,0.025,1.6666666667,40,66.6666666667,0.6,0.015,3333.3333333333,,,,2000,,3155197,0,0,379.54,39,4444,547,632.95,874,5264.91,1958.92,1511.6,90.76,3987.5,864.9,470.86,99.87,3925.5,,,99.69,2048,,,99.64,4096,35.4,33.94,99.64,4096,35.15,33.59,2.64,10.89,12.13,0.13,0.56,0.48,1,0.45,0.27,,,,,,
Echo API,50,500,100,5000,25000,50000,2500000,0.5,0.1,2,0.2,10,5,10,,,,100,,119514,0,0,501.84,501,709,502,503,505,199.07,74.07,57.15,99.56,3961.5,98.21,83.44,0,3925.5,,,98.67,2048,,,99.97,4096,11.3,144.96,99.97,4096,11.2,289.91,0.03,0.67,4.72,0,0.02,0.17,0,0.03,0.12,,,,,,
Echo API,50,500,200,10000,25000,100000,5000000,0.25,0.1,4,0.4,10,2.5,20,,,,200,,238735,0,0,502.05,501,709,502,503,506,398.02,148.09,114.28,99.42,3962.5,105.09,68.34,99.97,3925.5,,,98.87,2048,,,99.94,4096,14.8,4923.59,99.94,4096,14.8,4923.59,0.24,0.45,2.67,0,0,0.07,0.01,0.05,0.08,,,,,,
Echo API,50,500,300,15000,25000,150000,7500000,0.1666666667,0.1,6,0.6,10,1.6666666667,30,,,,300,,358202,0,0,502.16,501,797,502,503,506,596.8,222.05,171.35,99.22,3958.5,103.4,65.66,99.96,3925.5,,,99.15,2048,,,99.95,4096,13.3,2751.35,99.95,4096,13.3,2751.35,0.56,0.74,1.08,0.09,0.02,0.01,0,0,0,,,,,,
Echo API,50,500,1000,50000,25000,500000,25000000,0.05,0.1,20,2,10,0.5,100,,,,1000,,1176300,0,0,509.05,501,1662,532,561,640,1962.96,730.36,563.58,97.29,3987,349.83,338.3,99.93,3925.5,,,99.38,2048,,,99.83,4096,27.05,22.13,99.83,4096,27.15,22.27,2.17,2.18,1.85,0.01,0.05,0.01,0.05,0.04,0.01,,,,,,
Echo API,50,1000,100,5000,50000,100000,5000000,0.5,0.05,2,0.1,20,10,5,,,,100,,59884,0,0,1001.95,1001,1406,1002,1003,1004,99.68,37.09,28.62,99.62,3925.5,99.44,88.61,0,3925.5,,,96.35,2048,,,99.96,4096,13,2316.48,99.96,4096,12.95,2244.36,0.09,0.59,2.27,0,0,0.03,0,0.03,0.07,,,,,,
Echo API,50,1000,300,15000,50000,300000,15000000,0.1666666667,0.05,6,0.3,20,3.3333333333,15,,,,300,,179400,0,0,1001.92,1001,1209,1002,1003,1006,299.03,111.26,85.85,99.46,3936.5,102.58,67.39,99.98,3925.5,,,98.93,2048,,,99.93,4096,18.3,9992.13,99.92,4096,18.3,9992.13,0.06,0.34,0.65,0,0.02,0,0.06,0.02,0,,,,,,
Echo API,50,1000,1000,50000,50000,1000000,50000000,0.05,0.05,20,1,20,1,50,,,,1000,,596358,0,0,1004.3,1001,1427,1008,1016,1089.99,994,369.84,285.39,98.59,3925.5,98.86,64.15,99.95,3925.5,,,99.24,2048,,,99.9,4096,23.4,16.97,99.88,4096,26.65,21.57,1.6,1.11,0.87,0,0.02,0,0,0.03,0.01,,,,,,
Echo API,50,1000,2000,100000,50000,2000000,100000000,0.025,0.05,40,2,20,0.5,100,,,,2000,,1176590,0,0,1017.8,1001,3256,1030,1048,1145,1959.43,729.05,562.57,96.99,3976,503.8,485.39,99.9,3925.5,,,99.45,2048,,,99.82,4096,35.45,34.01,99.81,4096,36.6,35.64,2.43,2.79,2.16,0.08,0.11,0.05,0.02,0.03,0.01,,,,,,
Echo API,1024,0,100,102400,0,0,0,10.24,11.0733333334,0.09765625,3.6666666667,0,0,20563.3333333334,,,,100,,2945715,0,0,20.27,1,2051,36,50,151,4910.65,6502.78,6090.36,93.66,4010,523.4,335.41,99.96,3925.5,,,99.67,2048,,,99.79,4096,12.2,1158.24,99.77,4096,14.5,4488.71,3.04,8.06,6.86,0,0.04,0.02,0.81,0.32,0.17,,,,,,
Echo API,1024,0,200,204800,0,0,0,5.12,11.0733333334,0.1953125,3.6666666667,0,0,20563.3333333334,,,,200,,3105098,0,0,38.52,1,3311,70,99,186.99,5177.29,6855.87,6421.06,93.89,4011.5,525.12,316.19,99.95,3925.5,,,99.67,2048,,,99.75,4096,16.75,7747.06,99.77,4096,13,2316.48,12.01,11.71,9.33,0.28,0.22,0.12,0.1,0.11,0.14,,,,,,
Echo API,1024,0,1000,1024000,0,0,0,1.024,11.0733333334,0.9765625,3.6666666667,0,0,20563.3333333334,,,,1000,,3042729,0,0,196.75,2,9924,365,435,608,5077.8,6724.12,6297.66,92.54,4007,725.24,427.45,99.91,3925.5,,,99.65,2048,,,99.73,4096,22.7,15.98,99.7,4096,26.75,21.71,17.32,15.93,12.99,0.57,0.35,0.28,0.04,0.1,0.15,,,,,,
Echo API,1024,0,2000,2048000,0,0,0,0.512,11.0733333334,1.953125,3.6666666667,0,0,20563.3333333334,,,,2000,,3002434,0,0,399.04,8,3822,624,683,788,5007.39,6630.88,6210.33,92.77,3991,759.17,438.17,99.87,3925.5,,,99.68,2048,,,99.64,4096,36.1,34.93,99.63,4096,35.65,34.3,13.67,15.24,13.88,0.36,0.48,0.36,0.06,0.1,0.16,,,,,,
Echo API,1024,30,100,102400,30720,3000,3072000,10.24,34.1333333333,0.09765625,3.3333333333,0.029296875,0.3,3413.3333333333,,,,100,,1750177,0,0,34.19,31,1137,36,39,146,2917.6,3863.55,3618.51,96.34,4001.5,389.24,296.75,99.96,3925.5,,,99.49,2048,,,99.88,4096,15.75,6298.91,99.87,4096,10.7,1013.99,5.85,4.74,6.78,0.07,0.07,0.13,0.05,0.07,0.12,,,,,,
Echo API,1024,30,300,307200,30720,9000,9216000,3.4133333333,34.1333333333,0.29296875,10,0.029296875,0.1,10240,,,,300,,2847884,0,0,63.04,31,1981,87,105,206.99,4749.29,6289.1,5890.23,94.76,4008,516.72,328.86,99.95,3925.5,,,99.66,2048,,,99.8,4096,13.05,2389.31,99.78,4096,15,5212.79,10.86,10.42,8.85,0.31,0.37,0.27,0,0.05,0.1,,,,,,
Echo API,1024,30,1000,1024000,30720,30000,30720000,1.024,34.1333333333,0.9765625,33.3333333333,0.029296875,0.03,34133.3333333333,,,,1000,,3018956,0,0,198.5,35,2921,282,329,421,5033.33,6665.23,6242.51,92.5,4007,746.14,445.89,99.9,3925.5,,,99.68,2048,,,99.73,4096,22.25,15.34,99.73,4096,22.15,15.2,14.98,14.63,11.85,0.46,0.39,0.29,0.03,0.07,0.1,,,,,,
Echo API,1024,30,2000,2048000,30720,60000,61440000,0.512,34.1333333333,1.953125,66.6666666667,0.029296875,0.015,68266.6666666667,,,,2000,,2987323,0,0,401.32,41,7321,652,721,926.99,4979.11,6593.43,6175.27,92.39,3989.5,746.63,436.55,99.87,3925.5,,,99.67,2048,,,99.65,4096,35.9,34.65,99.64,4096,35.05,33.45,14.62,15.63,13.51,0.48,0.51,0.43,0.03,0.07,0.12,,,,,,
Echo API,1024,500,100,102400,512000,50000,51200000,10.24,2.048,0.09765625,0.2,0.48828125,5,204.8,,,,100,,119470,0,0,501.94,501,703,503,504,510,199.01,263.53,246.82,99.56,3925.5,87,64.65,0,3925.5,,,98.73,2048,,,99.96,4096,12.1,1013.28,99.96,4096,12.05,941.16,0.06,0.48,4.09,0,0,0.1,0.38,0.09,0.1,,,,,,
Echo API,1024,500,200,204800,512000,100000,102400000,5.12,2.048,0.1953125,0.4,0.48828125,2.5,409.6,,,,200,,238915,0,0,502.11,501,707,502,503,505,397.95,526.97,493.55,99.43,3970.5,111.75,72.86,99.96,3925.5,,,98.93,2048,,,99.93,4096,16.4,7240.77,99.93,4096,16.4,7240.77,0.52,0.4,1.83,0,0,0.03,0,0,0.02,,,,,,
Echo API,1024,500,300,307200,512000,150000,153600000,3.4133333333,2.048,0.29296875,0.6,0.48828125,1.6666666667,614.4,,,,300,,357422,0,0,502.36,501,1161,503,504,515,596.5,789.9,739.8,99.2,3954,115.56,84.15,99.97,3925.5,,,99,2048,,,99.93,4096,16,6660.95,99.93,4096,15.9,6516.7,0.87,0.91,1.26,0,0,0,0.04,0.03,0,,,,,,
Echo API,1024,500,2000,2048000,512000,1000000,1024000000,0.512,2.048,1.953125,4,0.48828125,0.25,4096,,,,2000,,2173499,0,0,550.93,501,2670,646,691,740,3624.7,4799.89,4495.47,94.61,3982.5,686.86,462.75,99.87,3925.5,,,99.57,2048,,,99.72,4096,35.45,34.01,99.7,4096,35.6,34.22,8.63,7.72,5.27,0.13,0.2,0.12,0,0.04,0.05,,,,,,
Echo API,1024,1000,100,102400,1024000,100000,102400000,10.24,1.024,0.09765625,0.1,0.9765625,10,102.4,,,,100,,59878,0,0,1001.91,1001,2163,1002,1003,1004,99.69,132.01,123.64,99.61,3948,97.65,80.25,0,3925.5,,,96.02,2048,,,99.96,4096,13.2,2606.4,99.96,4096,13.35,2823.48,0.03,0.37,1.97,0,0,0.01,0,0.02,0.06,,,,,,
Echo API,1024,1000,200,204800,1024000,200000,204800000,5.12,1.024,0.1953125,0.2,0.9765625,5,204.8,,,,200,,119647,0,0,1002.01,1001,1204,1003,1004,1011,199.15,263.72,247,99.56,3925.5,98.78,64.45,99.98,3925.5,,,98.61,2048,,,99.96,4096,13.2,2606.4,99.95,4096,13.9,3620.39,0.01,0.21,0.97,0,0,0,0.07,0.03,0.02,,,,,,
Echo API,1024,1000,300,307200,1024000,300000,307200000,3.4133333333,1.024,0.29296875,0.3,0.9765625,3.3333333333,307.2,,,,300,,179618,0,0,1002,1001,1364,1002,1003,1006,298.89,395.8,370.69,99.45,3964.5,113.91,75.4,99.97,3925.5,,,98.9,2048,,,99.96,4096,13.75,3402.6,99.96,4096,13.9,3620.39,2.02,1.07,1,0,0,0,0,0,0,,,,,,
Echo API,1024,1000,1000,1024000,1024000,1000000,1024000000,1.024,1.024,0.9765625,1,0.9765625,1,1024,,,,1000,,595558,0,0,1005.3,1001,1224,1008,1012,1081.99,993.22,1315.25,1231.83,98.6,3925.5,103.14,64.52,99.95,3925.5,,,99.28,2048,,,99.91,4096,21.9,14.85,99.91,4096,21.8,14.71,1.31,1.27,1.1,0.02,0.03,0,0,0.01,0,,,,,,
Echo API,10240,0,100,1024000,0,0,0,102.4,11.0733333334,0.009765625,3.6666666667,0,0,20563.3333333334,,,,100,,1966915,0,0,30.39,1,1508,53,64,128.99,3278.32,33871.75,33573.94,95.94,4018,382.34,271.58,99.95,4026,,,99.59,2048,,,99.85,4096,10.8,869.03,99.84,4096,11.6,289.21,10.51,9.73,6.88,0.06,0.08,0.06,0.09,0.06,0.05,,,,,,
Echo API,10240,0,200,2048000,0,0,0,51.2,11.0733333334,0.01953125,3.6666666667,0,0,20563.3333333334,,,,200,,1935097,0,0,61.8,2,1849,108,135,199,3228.57,33357.82,33064.44,95.82,4016.5,403.52,292.64,99.95,4024.5,,,99.6,2048,,,99.83,4096,13.05,2389.31,99.82,4096,13.55,3113.39,12.85,11.17,8.77,0.09,0.14,0.1,0.04,0.07,0.09,,,,,,
Echo API,10240,0,300,3072000,0,0,0,34.1333333333,11.0733333334,0.029296875,3.6666666667,0,0,20563.3333333334,,,,300,,1963564,0,0,91.5,1,4068,153,191,248.99,3273.21,33819.08,33521.6,96.04,4015,431.14,308.42,99.94,4032.5,,,99.58,2048,,,99.83,4096,13.55,3113.39,99.82,4096,13.85,3547.56,12.14,11.35,9.89,0.11,0.25,0.18,0.01,0.04,0.08,,,,,,
Echo API,10240,0,2000,20480000,0,0,0,5.12,11.0733333334,0.1953125,3.6666666667,0,0,20563.3333333334,,,,2000,,1877016,0,0,637.33,111,2868,846,923,1138.99,3134.05,32381.12,32096.45,95.18,4002.5,703.74,505.73,99.88,4015.5,,,99.57,2048,,,99.67,4096,33.9,31.82,99.65,4096,35.85,34.58,5.65,10.64,10.66,0.21,0.65,0.54,0.5,0.17,0.12,,,,,,
Echo API,10240,30,200,2048000,307200,6000,61440000,51.2,341.3333333333,0.01953125,6.6666666667,0.0029296875,0.15,68266.6666666667,,,,200,,1865348,0,0,64.2,32,1676,94,112,206,3109.07,32123.28,31840.68,96,4015,434.6,328.07,99.95,4024.5,,,99.59,2048,,,99.83,4096,13.65,3258.35,99.82,4096,13.5,3040.56,9.45,8.83,7.99,0.36,0.33,0.27,0.04,0.08,0.08,,,,,,
Echo API,10240,30,300,3072000,307200,9000,92160000,34.1333333333,341.3333333333,0.029296875,10,0.0029296875,0.1,102400,,,,300,,1937483,0,0,92.73,32,1812,149,187.95,258,3229.74,33370,33076.41,95.86,4015.5,399.85,288.79,99.94,4022,,,99.54,2048,,,99.82,4096,14.55,4561.55,99.82,4096,14.15,3982.43,1.93,7.72,8.46,0.05,0.23,0.25,0.93,0.38,0.2,,,,,,
Echo API,10240,30,1000,10240000,307200,30000,307200000,10.24,341.3333333333,0.09765625,33.3333333333,0.0029296875,0.03,341333.333333333,,,,1000,,1908451,0,0,313.77,57,3038,454,503,593,3184.29,32900.34,32611,95.62,4007,543.68,404.46,99.89,4018.5,,,99.53,2048,,,99.76,4096,22.25,15.34,99.76,4096,23.15,16.62,11.97,12.1,10.36,0.84,0.55,0.36,0.1,0.08,0.09,,,,,,
Echo API,10240,30,2000,20480000,307200,60000,614400000,5.12,341.3333333333,0.1953125,66.6666666667,0.0029296875,0.015,682666.666666667,,,,2000,,1882710,0,0,634.79,145,4308,851,923,1036,3146.72,32512.09,32226.26,95.3,4002,593.08,437.32,99.87,4025.5,,,99.51,2048,,,99.66,4096,35.45,34.01,99.67,4096,34.2,32.24,12.44,12.01,10.74,0.72,0.73,0.51,0,0.01,0.06,,,,,,
Echo API,10240,500,100,1024000,5120000,50000,512000000,102.4,20.48,0.009765625,0.2,0.048828125,5,2048,,,,100,,119306,0,0,502.53,501,715,503,504,510,198.84,2054.39,2036.33,99.54,3925.5,103.41,63.64,99.98,3925.5,,,98.37,2048,,,99.97,4096,10.75,941.87,99.97,4096,10.6,1162.48,0.37,1.03,4.41,0,0.03,0.18,0.03,0.04,0.07,,,,,,
Echo API,10240,500,200,2048000,5120000,100000,1024000000,51.2,20.48,0.01953125,0.4,0.048828125,2.5,4096,,,,200,,238661,0,0,502.72,501,718,504,505,515,397.48,4106.79,4070.68,99.38,3979,102.96,64.55,99.97,3925.5,,,98.92,2048,,,99.94,4096,13.5,3040.56,99.95,4096,12.85,2099.4,0.43,0.7,2.15,0,0,0.05,0,0.01,0.03,,,,,,
Echo API,10240,500,1000,10240000,5120000,500000,5120000000,10.24,20.48,0.09765625,2,0.048828125,0.5,20480,,,,1000,,1152030,0,0,519.54,501,1980,551,579,649,1922.47,19863.17,19688.38,97.18,4003,417.1,387.25,99.9,3933.5,,,99.43,2048,,,99.84,4096,21.85,14.78,99.83,4096,21.9,14.85,1.57,2.99,2.75,0,0.06,0.04,0.82,0.26,0.09,,,,,,
Echo API,10240,500,2000,20480000,5120000,1000000,10240000000,5.12,20.48,0.1953125,4,0.048828125,0.25,40960,,,,2000,,1788401,0,0,670.04,502,2659,911,955,1052,2979.67,30786.45,30515.43,95.17,3994.5,571.65,425.14,99.82,4025,,,99.57,2048,,,99.69,4096,33.65,31.47,99.69,4096,35.05,33.45,10.94,10.04,7.09,0.29,0.3,0.19,0.02,0.05,0.06,,,,,,
Echo API,10240,1000,100,1024000,10240000,100000,1024000000,102.4,10.24,0.009765625,0.1,0.09765625,10,1024,,,,100,,59834,0,0,1002.29,1001,1274,1003,1003,1004,99.6,1029.1,1020.05,99.61,3925.5,101.28,64.5,99.98,3925.5,,,96.91,2048,,,99.97,4096,11.5,144.25,99.97,4096,11.55,217.08,0.16,0.85,3.26,0,0.01,0.06,0,0.02,0.06,,,,,,
Echo API,10240,1000,300,3072000,10240000,300000,3072000000,34.1333333333,10.24,0.029296875,0.3,0.09765625,3.3333333333,3072,,,,300,,179441,0,0,1002.43,1001,1308,1003,1003,1006,298.78,3087.05,3059.91,99.43,3971.5,102.83,66.1,99.97,3925.5,,,98.95,2048,,,99.96,4096,12.95,2244.36,99.96,4096,12.95,2244.36,0.22,0.5,0.85,0.01,0.01,0,0,0,0,,,,,,
Echo API,10240,1000,1000,10240000,10240000,1000000,10240000000,10.24,10.24,0.09765625,1,0.09765625,1,10240,,,,1000,,595947,0,0,1005.94,1001,1223,1009,1014,1036.99,992.11,10250.59,10160.41,98.43,3925.5,98.76,65.23,99.92,3925.5,,,99.31,2048,,,99.87,4096,23.65,17.32,99.87,4096,23.6,17.25,2.14,1.64,1.27,0,0.03,0,0.05,0.04,0,,,,,,
Echo API,10240,1000,2000,20480000,10240000,2000000,20480000000,5.12,10.24,0.1953125,2,0.09765625,0.5,20480,,,,2000,,1163263,0,0,1028.76,1001,3225,1129,1186,1268.99,1940.8,20052.73,19876.17,96.88,3994.5,512.33,486.05,99.84,3939,,,99.43,2048,,,99.77,4096,33.45,31.18,99.75,4096,35.4,33.94,5.07,4.73,3.45,0.02,0.09,0.07,0.02,0.01,0,,,,,,
Echo API,102400,0,100,10240000,0,0,0,1024,11.0733333334,0.0009765625,3.6666666667,0,0,20563.3333333334,,,,100,,249613,0,0,240.06,6,13823,425,627,1082.97,415.41,41725.03,41641.29,98.87,4002,102.8,64.97,99.95,4036,,,99.04,2048,,,99.93,4096,10.75,941.87,99.94,4096,10.45,1377.44,5.22,5.04,4.25,0.07,0.06,0.05,0,0.02,0.04,,,,,,
Echo API,102400,0,200,20480000,0,0,0,512,11.0733333334,0.001953125,3.6666666667,0,0,20563.3333333334,,,,200,,248833,0,0,481.26,32,60115,797,1058,2204,414.49,41632.99,41549.13,98.81,3998.5,105.83,66.3,99.94,4034,,,98.93,2048,,,99.92,4096,11.7,434.16,99.92,4096,11.9,724.08,5.11,5.17,4.84,0.29,0.19,0.11,0,0,0,,,,,,
Echo API,102400,30,100,10240000,3072000,3000,307200000,1024,3413.3333333333,0.0009765625,3.3333333333,0.0002929688,0.3,341333.333333333,,,,100,,249652,0,0,240.08,39,7047,417,602.95,1006.98,415.53,41736.66,41653.48,98.87,4002,102.62,63.83,99.94,4036,,,98.91,2048,,,99.94,4096,10.4,1446.03,99.93,4096,10.8,869.03,4.92,4.84,4.06,0.04,0.08,0.08,0,0,0,,,,,,
Echo API,102400,30,300,30720000,3072000,9000,921600000,341.3333333333,3413.3333333333,0.0029296875,10,0.0002929688,0.1,1024000,,,,300,,248208,12,0,723.31,39,76275,1055,1517.95,7613.13,408.12,40990.44,40909.72,98.8,4006.5,98.22,84.27,99.94,4032.5,,,98.97,2048,,,99.91,4096,13.15,2534.27,99.91,4096,13.15,2534.27,5.06,5.17,4.92,0.05,0.1,0.09,0,0,0,,,,,,
Echo API,102400,500,200,20480000,51200000,100000,10240000000,512,204.8,0.001953125,0.4,0.0048828125,2.5,40960,,,,200,,234280,0,0,511.82,504,752,525,537,566,390.24,39189.74,39118.87,99.1,3999,104.86,66.16,99.95,4024,,,98.87,2048,,,99.93,4096,11.9,724.08,99.93,4096,11.75,506.29,1.07,2.17,2.2,0.01,0.04,0,0.05,0.01,0,,,,,,
Echo API,102400,500,300,30720000,51200000,150000,15360000000,341.3333333333,204.8,0.0029296875,0.6,0.0048828125,1.6666666667,61440,,,,300,,248723,0,0,722.79,505,7774,927,1152.95,1698.96,414.34,41616.38,41534.15,98.85,3996.5,101.53,66.34,99.93,4031,,,99.03,2048,,,99.91,4096,13.15,2534.27,99.91,4096,12.95,2244.36,5.07,4.98,3.96,0.13,0.09,0.02,0,0,0,,,,,,
Echo API,102400,1000,100,10240000,102400000,100000,10240000000,1024,102.4,0.0009765625,0.1,0.009765625,10,10240,,,,100,,59549,0,0,1006.8,1004,1209,1009,1011,1022,99.12,9954.25,9936.27,99.55,3949,102.46,83.19,99.96,3925.5,,,97.52,2048,,,99.97,4096,10.48,1333.6,99.97,4096,10.53,1267.14,0.38,0.55,1.27,0,0,0,0,0,0,,,,,,
Echo API,102400,1000,300,30720000,102400000,300000,30720000000,341.3333333333,102.4,0.0029296875,0.3,0.009765625,3.3333333333,30720,,,,300,,178409,0,0,1008.32,1004,1219,1012,1016,1029,296.94,29820.17,29766.02,99.25,4016.5,100.85,91.82,99.94,3980.5,,,98.45,2048,,,99.93,4096,13.05,2389.31,99.93,4096,13.05,2389.31,1.28,1.75,1.63,0.05,0.03,0,0,0,0,,,,,,
Mediation API,50,0,100,5000,0,0,0,0.5,11.0733333334,2,3.6666666667,0,0,20563.3333333334,,,,200,,2065479,0,0,28.95,1,1673,50,74,157,3442.51,1280.86,1005.19,94.72,4059,493.77,337.77,99.96,3925.5,,,99.58,2048,,,99.86,4096,10.52,1281.28,99.84,4096,12.55,1665.24,2.52,9.52,7.76,0.06,0.13,0.09,1,0.41,0.14,,,,,,
Mediation API,50,0,200,10000,0,0,0,0.25,11.0733333334,4,3.6666666667,0,0,20563.3333333334,,,,400,,2129511,0,0,56.19,1,3532,100,125,1343.38,3552.28,1321.7,1037.24,94.44,4055,533.26,346.86,99.96,3925.5,,,99.59,2048,,,99.85,4096,12.2,1158.24,99.84,4096,12.7,1882.32,16.56,16.25,12.73,0.29,0.15,0.11,0.03,0.05,0.06,,,,,,
Mediation API,50,0,300,15000,0,0,0,0.1666666667,11.0733333334,6,3.6666666667,0,0,20563.3333333334,,,,600,,2098844,0,0,85.58,1,4120,154,196,272,3500.48,1302.43,1022.11,94.68,4050,468.39,322.58,99.95,3925.5,,,99.59,2048,,,99.83,4096,15.8,6371.74,99.81,4096,16.5,7385.02,16.54,17.7,15.34,0.25,0.21,0.13,0.05,0.05,0.08,,,,,,
Mediation API,50,0,2000,100000,0,0,0,0.025,11.0733333334,40,3.6666666667,0,0,20563.3333333334,,,,4000,,2059943,0,0,581.5,3,9327,873,1043,1229,3435.18,1278.13,1003.05,91.89,3977.5,824.09,475.21,99.9,3925.5,,,99.6,2048,,,99.73,4096,37.25,36.56,99.72,4096,36.85,35.99,25.4,23.25,19.67,0.03,0.22,0.21,0.02,0.07,0.1,,,,,,
Mediation API,50,30,100,5000,1500,3000,150000,0.5,1.6666666667,2,3.3333333333,0.6,0.3,166.6666666667,,,,200,,1466041,0,0,40.84,31,1127,52,60,103,2443.3,909.08,713.43,96.55,4058,341.08,272.2,99.97,3925.5,,,99.49,2048,,,99.88,4096,12.05,941.16,99.88,4096,11.75,506.29,6.52,6.93,11.8,0.09,0.12,0.13,0.07,0.09,0.12,,,,,,
Mediation API,50,30,300,15000,1500,9000,450000,0.1666666667,1.6666666667,6,10,0.6,0.1,500,,,,600,,2028364,0,0,88.58,32,4167,136,167,1416,3381.98,1258.34,987.51,94.4,4052.5,559.19,366.88,99.96,3925.5,,,99.55,2048,,,99.81,4096,18.5,10.04,99.81,4096,17.9,9413.01,16.17,15.12,12.56,0.24,0.28,0.18,0.02,0.05,0.08,,,,,,
Mediation API,50,30,1000,50000,1500,30000,1500000,0.05,1.6666666667,20,33.3333333333,0.6,0.03,1666.6666666667,,,,2000,,2104021,0,0,284.83,32,2542,423,485,614,3507.93,1305.2,1024.29,93.18,4024.5,634.97,411.4,99.93,3925.5,,,99.54,2048,,,99.81,4096,21.75,14.64,99.78,4096,25.3,19.66,20.36,20.85,17.33,0.38,0.31,0.22,0,0.07,0.1,,,,,,
Mediation API,50,30,2000,100000,1500,60000,3000000,0.025,1.6666666667,40,66.6666666667,0.6,0.015,3333.3333333333,,,,4000,,2065028,0,0,579.81,44,3845,833,925,1348,3445.64,1282.02,1006.1,90.62,3953.5,782.35,448.11,99.89,3925.5,,,99.6,2048,,,99.71,4096,38.65,38.54,99.72,4096,36.55,35.57,10.95,19.37,18.92,0.17,0.24,0.25,0.59,0.18,0.13,,,,,,
Mediation API,50,500,200,10000,25000,100000,5000000,0.25,0.1,4,0.4,10,2.5,20,,,,400,,238463,0,0,502.58,501,910,503,505,516,397.6,147.94,116.1,99.14,3997,98.93,86.04,99.98,3925.5,,,99.11,2048,,,99.94,4096,15.45,5864.74,99.94,4096,14.75,4850.75,0.29,0.49,2.44,0,0.01,0,0.37,0.08,0.03,,,,,,
Mediation API,50,500,300,15000,25000,150000,7500000,0.1666666667,0.1,6,0.6,10,1.6666666667,30,,,,600,,357627,0,0,503.09,501,715,505,508,537,595.8,221.68,173.97,98.77,3963,99.04,84.84,99.96,3925.5,,,99.07,2048,,,99.95,4096,13.3,2751.35,99.95,4096,13.25,2678.52,0.48,0.83,1.59,0.04,0.03,0,0.06,0.04,0,,,,,,
Mediation API,50,500,1000,50000,25000,500000,25000000,0.05,0.1,20,2,10,0.5,100,,,,2000,,1123162,0,0,533.39,501,1810,562,580,620,1872.78,696.81,546.84,96.49,4039,451.48,378.69,99.93,3925.5,,,99.4,2048,,,99.87,4096,21.6,14.43,99.85,4096,24,17.82,7.64,6.19,4.1,0.13,0.08,0.02,0,0.02,0.01,,,,,,
Mediation API,1024,0,100,102400,0,0,0,10.24,11.0733333334,0.09765625,3.6666666667,0,0,20563.3333333334,,,,200,,1650358,0,0,36.25,1,1770,71,92,166,2751.21,3643.21,3425.58,95.4,4068,412.56,302.23,99.96,3925.5,,,99.48,2048,,,99.86,4096,13.5,3040.56,99.85,4096,14.25,4126.68,16.77,14.48,11.87,0.02,0.13,0.12,0.41,0.17,0.12,,,,,,
Mediation API,1024,0,200,204800,0,0,0,5.12,11.0733333334,0.1953125,3.6666666667,0,0,20563.3333333334,,,,400,,1652375,0,0,72.5,2,2492,131,163,300,2753.84,3646.69,3428.85,95.56,4063.5,379.72,274.31,99.96,3925.5,,,99.53,2048,,,99.84,4096,16.25,7022.99,99.83,4096,16.85,7892.02,18.79,17.49,14.59,0.16,0.17,0.12,0,0.03,0.07,,,,,,
Mediation API,1024,0,1000,1024000,0,0,0,1.024,11.0733333334,0.9765625,3.6666666667,0,0,20563.3333333334,,,,2000,,1671567,0,0,358.5,4,2490,561,632,784,2786.72,3690.22,3469.79,94.06,4031,535.29,371.32,99.93,3925.5,,,99.51,2048,,,99.83,4096,22.6,15.84,99.82,4096,22.65,15.91,8.82,20.61,19.93,0.01,0.09,0.09,0.76,0.25,0.14,,,,,,
Mediation API,1024,0,2000,2048000,0,0,0,0.512,11.0733333334,1.953125,3.6666666667,0,0,20563.3333333334,,,,4000,,1599793,0,0,747.74,16,3272,1102,1210,1459.99,2671.56,3537.73,3326.41,91.42,3970.5,726,417.94,99.89,3925.5,,,99.53,2048,,,99.76,4096,36.1,34.93,99.76,4096,37.35,36.7,29.55,26.61,22.74,0.07,0.12,0.09,0,0.03,0.07,,,,,,
Mediation API,1024,30,200,204800,30720,6000,6144000,5.12,34.1333333333,0.1953125,6.6666666667,0.029296875,0.15,6826.6666666667,,,,400,,1541065,0,0,77.73,31,2730,121,135,171.99,2569.1,3402.05,3198.83,95.44,4065.5,408.11,305.22,99.96,3925.5,,,99.48,2048,,,99.87,4096,13.7,3330.47,99.86,4096,13.5,3040.56,14.37,13.16,12.14,0.03,0.1,0.08,0.04,0.03,0.05,,,,,,
Mediation API,1024,30,300,307200,30720,9000,9216000,3.4133333333,34.1333333333,0.29296875,10,0.029296875,0.1,10240,,,,600,,1608366,0,0,111.76,32,3740,175,205,265,2681.07,3550.32,3338.25,95.32,4061.5,387.4,284.18,99.96,3925.5,,,99.55,2048,,,99.87,4096,13.35,2823.48,99.84,4096,16.55,7457.86,18.49,17.1,14.72,0.11,0.15,0.12,0,0.02,0.06,,,,,,
Mediation API,1024,30,2000,2048000,30720,60000,61440000,0.512,34.1333333333,1.953125,66.6666666667,0.029296875,0.015,68266.6666666667,,,,4000,,1615222,0,0,739.06,50,4870,1102,1248,1607,2702.01,3578.05,3364.32,92.8,4004,679.85,433.6,99.89,3925.5,,,99.53,2048,,,99.74,4096,38.4,38.18,99.74,4096,38.85,38.82,31.26,26.04,21.84,0.02,0.05,0.07,0,0.04,0.08,,,,,,
Mediation API,1024,500,100,102400,512000,50000,51200000,10.24,2.048,0.09765625,0.2,0.48828125,5,204.8,,,,200,,119271,0,0,502.84,501,676,504,505,512,198.64,263.04,247.33,99.39,4027,106.18,66.92,0,3925.5,,,98.57,2048,,,99.96,4096,12.1,1013.28,99.96,4096,12.05,941.16,0.13,2.03,9.41,0,0,0,0,0.03,0.07,,,,,,
Mediation API,1024,500,300,307200,512000,150000,153600000,3.4133333333,2.048,0.29296875,0.6,0.48828125,1.6666666667,614.4,,,,600,,355693,0,0,505.19,501,707,506,511,533,593.23,785.57,738.64,98.43,3962.5,99.44,65.67,99.97,3925.5,,,99.13,2048,,,99.93,4096,15.9,6516.7,99.93,4096,15.85,6443.86,1.68,1.71,2.27,0,0,0,0,0.01,0,,,,,,
Mediation API,1024,500,1000,1024000,512000,500000,512000000,1.024,2.048,0.9765625,2,0.48828125,0.5,2048,,,,2000,,1087550,0,0,551.32,501,1740,651,714,794,1811.63,2398.99,2255.69,96.13,4053,431.6,347.94,99.93,3925.5,,,99.41,2048,,,99.86,4096,25,19.23,99.86,4096,24,17.82,4.73,7.73,6.21,0.24,0.18,0.09,0.56,0.15,0.05,,,,,,
Mediation API,10240,0,100,1024000,0,0,0,102.4,11.0733333334,0.009765625,3.6666666667,0,0,20563.3333333334,,,,200,,525228,0,0,114.06,4,1098,205,248,332.99,875.49,9045.6,8970.36,96.89,4080,216.78,213.58,99.96,3925.5,,,99.38,2048,,,99.95,4096,10.59,1178.04,99.94,4096,10.45,1381.69,18.45,24.27,20.42,0.02,0.03,0.03,0.2,0.07,0.06,,,,,,
Mediation API,10240,0,200,2048000,0,0,0,51.2,11.0733333334,0.01953125,3.6666666667,0,0,20563.3333333334,,,,400,,518276,0,0,231.34,5,2543,388,440,554,863.69,8923.71,8849.49,96.87,4074,228.08,217.83,99.96,3925.5,,,99.16,2048,,,99.91,4096,14,3764.64,99.93,4096,12.15,1086.12,24.04,27.78,24.37,0.04,0.07,0.02,0,0.03,0.06,,,,,,
Mediation API,10240,0,300,3072000,0,0,0,34.1333333333,11.0733333334,0.029296875,3.6666666667,0,0,20563.3333333334,,,,600,,515837,0,0,348.21,6,1650,575,666,899,860.77,8893.46,8819.48,96.59,4067,267.47,232.37,99.96,3925.5,,,99.24,2048,,,99.92,4096,14.35,4271.63,99.93,4096,13.35,2823.48,32.51,30.79,26.46,0.16,0.07,0.02,0,0.03,0.05,,,,,,
Mediation API,10240,0,1000,10240000,0,0,0,10.24,11.0733333334,0.09765625,3.6666666667,0,0,20563.3333333334,,,,2000,,509249,0,0,1175.62,21,3645,1720,1872,2144,849.12,8773.14,8700.17,93.96,4037,593.07,274.43,99.93,3925.5,,,99.34,2048,,,99.89,4096,22.4,15.56,99.88,4096,22.3,15.42,37.52,35.91,30.96,0.06,0.13,0.08,0.06,0.03,0.04,,,,,,
Mediation API,10240,30,100,1024000,307200,3000,30720000,102.4,341.3333333333,0.009765625,3.3333333333,0.0029296875,0.3,34133.3333333333,,,,200,,499204,0,0,120.04,33,1656,180,201,247,831.96,8595.87,8524.38,97,4081,212.34,198.3,99.96,3925.5,,,99.3,2048,,,99.94,4096,11,579.83,99.92,4096,12.8,2027.28,18.63,19.68,23.08,0,0.03,0.07,0.01,0.02,0,,,,,,
Mediation API,10240,30,200,2048000,307200,6000,61440000,51.2,341.3333333333,0.01953125,6.6666666667,0.0029296875,0.15,68266.6666666667,,,,400,,525342,0,0,228.16,35,2833,349,393,498.99,875.55,9046.25,8971.01,96.69,4073,240.42,253.04,99.96,3925.5,,,99.39,2048,,,99.93,4096,12.1,1013.28,99.93,4096,12.5,1592.4,30.15,29.93,26.15,0,0.01,0.01,0.06,0.02,0.01,,,,,,
Mediation API,10240,30,1000,10240000,307200,30000,307200000,10.24,341.3333333333,0.09765625,33.3333333333,0.0029296875,0.03,341333.333333333,,,,2000,,504645,0,0,1188.43,42,5566,1805,2014.95,2334.99,840.41,8683.17,8610.95,94.13,4039,609.98,296.84,99.93,3925.5,,,99.33,2048,,,99.88,4096,23.95,17.75,99.88,4096,22.9,16.26,36.15,37.99,33.42,0.18,0.08,0.02,0,0,0,,,,,,
Mediation API,10240,30,2000,20480000,307200,60000,614400000,5.12,341.3333333333,0.1953125,66.6666666667,0.0029296875,0.015,682666.666666667,,,,4000,,461194,0,0,2592.6,98,7175,3352,3683,4161.97,769.32,7948.63,7882.52,92.78,4031,731.48,292.35,99.9,3925.5,,,99.24,2048,,,99.85,4096,35.75,34.44,99.85,4096,35.8,34.51,67.88,53.33,42.3,0.02,0.1,0.06,0,0.02,0.01,,,,,,
Mediation API,10240,500,200,2048000,5120000,100000,1024000000,51.2,20.48,0.01953125,0.4,0.048828125,2.5,4096,,,,400,,227349,0,0,527.01,503,824,569,586,627,379.06,3916.42,3883.84,97.43,4025,99.6,88.78,99.97,3925.5,,,98.84,2048,,,99.96,4096,12,868.33,99.95,4096,12.7,1882.32,3.41,4.1,8.46,0,0,0,0,0,0,,,,,,
Mediation API,10240,500,300,3072000,5120000,150000,1536000000,34.1333333333,20.48,0.029296875,0.6,0.048828125,1.6666666667,6144,,,,600,,313819,0,0,572.64,503,1090,702,745,827,523.25,5406.23,5361.27,96.94,4062.5,98.2,85.36,99.96,3925.5,,,99.09,2048,,,99.95,4096,13.1,2461.44,99.94,4096,13.8,3475.43,5.97,6.98,7.71,0,0.01,0,0.03,0.01,0,,,,,,
Mediation API,10240,500,1000,10240000,5120000,500000,5120000000,10.24,20.48,0.09765625,2,0.048828125,0.5,20480,,,,2000,,445426,0,0,1346.03,505,4949,1709,1896,2263,741.51,7661.31,7597.58,94.25,4032.5,572.66,261.34,99.93,3925.5,,,99.19,2048,,,99.91,4096,21.55,14.35,99.9,4096,22,14.99,36.72,35.57,25.08,0.01,0,0,0.02,0.02,0.01,,,,,,
Mediation API,10240,500,2000,20480000,5120000,1000000,10240000000,5.12,20.48,0.1953125,4,0.048828125,0.25,40960,,,,4000,,485016,0,0,2470.48,562,7574,3436,3709,4115,806.49,8332.66,8263.35,91.84,4016.5,760.23,281.09,99.88,3925.5,,,99.22,2048,,,99.85,4096,34.75,33.02,99.85,4096,35.5,34.08,49.17,45.69,36.17,0,0.13,0.08,0,0,0,,,,,,
